{"cameraMode":{"drawMode":0,"name":"Shaded","section":"Shading Mode"},"sceneLighting":true,"audioPlay":false,"sceneViewState":{"showFog":true,"showMaterialUpdate":false,"showSkybox":true,"showFlares":true,"showImageEffects":true,"showParticleSystems":true},"in2DMode":false,"pivot":{"x":-39.02783966064453,"y":-59.881282806396487,"z":96.48269653320313},"rotation":{"x":-0.28048524260520937,"y":0.15721531212329865,"z":-0.04662663862109184,"w":-0.9457470178604126},"size":134.48191833496095,"orthographic":false}