{"cameraMode":{"drawMode":0,"name":"Shaded","section":"Shading Mode"},"sceneLighting":true,"audioPlay":false,"sceneViewState":{"showFog":true,"showMaterialUpdate":true,"showSkybox":true,"showFlares":true,"showImageEffects":true,"showParticleSystems":true},"in2DMode":false,"pivot":{"x":-8.824106216430664,"y":1.0355108976364136,"z":-3.8054888248443605},"rotation":{"x":-0.18471813201904298,"y":0.6167375445365906,"z":-0.1519055962562561,"w":-0.7499591112136841},"size":15.867125511169434,"orthographic":true}