{"cameraMode":{"drawMode":0,"name":"Shaded","section":"Shading Mode"},"sceneLighting":false,"audioPlay":false,"sceneViewState":{"showFog":true,"showMaterialUpdate":true,"showSkybox":true,"showFlares":true,"showImageEffects":true,"showParticleSystems":true},"in2DMode":false,"pivot":{"x":0.2745361328125,"y":-0.36865234375,"z":0.0420379638671875},"rotation":{"x":-0.08038274943828583,"y":0.7201765179634094,"z":-0.08464355021715164,"w":-0.6839005947113037},"size":1.1874456405639649,"orthographic":true}