{"cameraMode":{"drawMode":0,"name":"Shaded","section":"Shading Mode"},"sceneLighting":true,"audioPlay":false,"sceneViewState":{"showFog":true,"showMaterialUpdate":true,"showSkybox":true,"showFlares":true,"showImageEffects":true,"showParticleSystems":true},"in2DMode":false,"pivot":{"x":1.9022502899169922,"y":1.6629667282104493,"z":-2.7268753051757814},"rotation":{"x":-0.06615340709686279,"y":0.9246277809143066,"z":-0.18869242072105409,"w":-0.3241640031337738},"size":26.05095863342285,"orthographic":false}