{"cameraMode":{"drawMode":0,"name":"Shaded","section":"Shading Mode"},"sceneLighting":true,"audioPlay":false,"sceneViewState":{"showFog":true,"showMaterialUpdate":true,"showSkybox":true,"showFlares":true,"showImageEffects":true,"showParticleSystems":true},"in2DMode":false,"pivot":{"x":92.57291412353516,"y":51.2132568359375,"z":-43.76581954956055},"rotation":{"x":0.20169498026371003,"y":-0.4166441559791565,"z":0.0953674241900444,"w":0.881267249584198},"size":57.996524810791019,"orthographic":true}