{"cameraMode":{"drawMode":0,"name":"Shaded","section":"Shading Mode"},"sceneLighting":false,"audioPlay":false,"sceneViewState":{"showFog":true,"showMaterialUpdate":true,"showSkybox":true,"showFlares":true,"showImageEffects":true,"showParticleSystems":true},"in2DMode":false,"pivot":{"x":0.0467529296875,"y":0.15643310546875,"z":0.04925537109375},"rotation":{"x":-0.2961852550506592,"y":0.46017223596572878,"z":-0.1661502718925476,"w":-0.8203108906745911},"size":0.7759830951690674,"orthographic":true}