{"cameraMode":{"drawMode":0,"name":"Shaded","section":"Shading Mode"},"sceneLighting":false,"audioPlay":false,"sceneViewState":{"showFog":true,"showMaterialUpdate":true,"showSkybox":true,"showFlares":true,"showImageEffects":true,"showParticleSystems":true},"in2DMode":false,"pivot":{"x":0.229248046875,"y":-0.268798828125,"z":-0.40771484375},"rotation":{"x":-0.08098851889371872,"y":0.86040198802948,"z":-0.14459183812141419,"w":-0.4819154441356659},"size":2.9782919883728029,"orthographic":true}