{"cameraMode":{"drawMode":0,"name":"Shaded","section":"Shading Mode"},"sceneLighting":true,"audioPlay":false,"sceneViewState":{"showFog":true,"showMaterialUpdate":true,"showSkybox":true,"showFlares":true,"showImageEffects":true,"showParticleSystems":true},"in2DMode":false,"pivot":{"x":-120.0931625366211,"y":-47.729820251464847,"z":-28.222654342651368},"rotation":{"x":-0.11825045198202133,"y":0.7778510451316834,"z":-0.15388347208499909,"w":-0.5977327227592468},"size":166.6124725341797,"orthographic":false}