{"cameraMode":{"drawMode":0,"name":"Shaded","section":"Shading Mode"},"sceneLighting":true,"audioPlay":false,"sceneViewState":{"showFog":true,"showMaterialUpdate":true,"showSkybox":true,"showFlares":true,"showImageEffects":true,"showParticleSystems":true},"in2DMode":false,"pivot":{"x":-5.6659159660339359,"y":-3.3789024353027345,"z":-7.78720760345459},"rotation":{"x":-0.1500367969274521,"y":0.7669286727905273,"z":-0.1940407007932663,"w":-0.5930073261260986},"size":60.20355224609375,"orthographic":false}