{"cameraMode":{"drawMode":0,"name":"Shaded","section":"Shading Mode"},"sceneLighting":true,"audioPlay":false,"sceneViewState":{"showFog":true,"showMaterialUpdate":false,"showSkybox":true,"showFlares":true,"showImageEffects":true,"showParticleSystems":true},"in2DMode":false,"pivot":{"x":-1.4079715013504029,"y":0.9892821311950684,"z":14.557697296142579},"rotation":{"x":-0.17634645104408265,"y":0.019780775532126428,"z":-0.0035445389803498985,"w":-0.9841230511665344},"size":18.689672470092775,"orthographic":false}