{"cameraMode":{"drawMode":0,"name":"Shaded","section":"Shading Mode"},"sceneLighting":true,"audioPlay":false,"sceneViewState":{"showFog":true,"showMaterialUpdate":true,"showSkybox":true,"showFlares":true,"showImageEffects":true,"showParticleSystems":true},"in2DMode":false,"pivot":{"x":2.071868896484375,"y":2.82861328125,"z":-2.30078125},"rotation":{"x":-0.04474363848567009,"y":-0.10347972065210343,"z":0.004634070675820112,"w":-0.9936138987541199},"size":9.696924209594727,"orthographic":true}