{"cameraMode":{"drawMode":0,"name":"Shaded","section":"Shading Mode"},"sceneLighting":true,"audioPlay":false,"sceneViewState":{"showFog":true,"showMaterialUpdate":true,"showSkybox":true,"showFlares":true,"showImageEffects":true,"showParticleSystems":true},"in2DMode":false,"pivot":{"x":-1.541961669921875,"y":1.254638671875,"z":0.8173828125},"rotation":{"x":-0.0004906312096863985,"y":0.9985884428024292,"z":-0.009985960088670254,"w":-0.05216587707400322},"size":5.5802459716796879,"orthographic":true}