{"cameraMode":{"drawMode":0,"name":"Shaded","section":"Shading Mode"},"sceneLighting":false,"audioPlay":false,"sceneViewState":{"showFog":true,"showMaterialUpdate":false,"showSkybox":true,"showFlares":true,"showImageEffects":true,"showParticleSystems":true},"in2DMode":false,"pivot":{"x":-2.148604393005371,"y":0.726559042930603,"z":-0.15690675377845765},"rotation":{"x":0.007799450308084488,"y":0.05396789312362671,"z":-0.00042134159593842924,"w":0.9985121488571167},"size":3.9603335857391359,"orthographic":false}