{"cameraMode":{"drawMode":0,"name":"Shaded","section":"Shading Mode"},"sceneLighting":true,"audioPlay":false,"sceneViewState":{"showFog":true,"showMaterialUpdate":false,"showSkybox":true,"showFlares":true,"showImageEffects":true,"showParticleSystems":true},"in2DMode":false,"pivot":{"x":2.7120184898376467,"y":2.1114141941070558,"z":0.24048978090286256},"rotation":{"x":0.061729613691568378,"y":-0.612421989440918,"z":0.0480576753616333,"w":0.7866507172584534},"size":-2.1100385189056398,"orthographic":false}