{"cameraMode":{"drawMode":0,"name":"Shaded","section":"Shading Mode"},"sceneLighting":false,"audioPlay":false,"sceneViewState":{"showFog":true,"showMaterialUpdate":false,"showSkybox":true,"showFlares":true,"showImageEffects":true,"showParticleSystems":true},"in2DMode":false,"pivot":{"x":0.0008934140205383301,"y":37.696075439453128,"z":0.005712732672691345},"rotation":{"x":0.007036442402750254,"y":-0.654836893081665,"z":0.006097458768635988,"w":0.7557128667831421},"size":0.5857869386672974,"orthographic":false}