{"cameraMode":{"drawMode":0,"name":"Shaded","section":"Shading Mode"},"sceneLighting":false,"audioPlay":false,"sceneViewState":{"showFog":true,"showMaterialUpdate":false,"showSkybox":true,"showFlares":true,"showImageEffects":true,"showParticleSystems":true},"in2DMode":false,"pivot":{"x":0.18167679011821748,"y":0.4209620952606201,"z":0.4901798963546753},"rotation":{"x":-0.042294763028621677,"y":0.01258505042642355,"z":-0.0005328237311914563,"w":-0.9990257620811462},"size":2.47487211227417,"orthographic":false}