{"cameraMode":{"drawMode":0,"name":"Shaded","section":"Shading Mode"},"sceneLighting":false,"audioPlay":false,"sceneViewState":{"showFog":true,"showMaterialUpdate":false,"showSkybox":true,"showFlares":true,"showImageEffects":true,"showParticleSystems":true},"in2DMode":false,"pivot":{"x":-0.09684169292449951,"y":-0.0343937873840332,"z":0.6600568294525147},"rotation":{"x":-0.10634142905473709,"y":0.4602864980697632,"z":-0.05564625933766365,"w":-0.8796200752258301},"size":1.6329450607299805,"orthographic":false}