{"cameraMode":{"drawMode":0,"name":"Shaded","section":"Shading Mode"},"sceneLighting":false,"audioPlay":false,"sceneViewState":{"showFog":true,"showMaterialUpdate":false,"showSkybox":true,"showFlares":true,"showImageEffects":true,"showParticleSystems":true},"in2DMode":false,"pivot":{"x":3.285158634185791,"y":0.726559042930603,"z":-1.023850917816162},"rotation":{"x":0.015263732522726059,"y":-0.07791584730148316,"z":0.0011932566994801164,"w":0.9968423843383789},"size":3.9532175064086916,"orthographic":false}