{"cameraMode":{"drawMode":0,"name":"Shaded","section":"Shading Mode"},"sceneLighting":false,"audioPlay":false,"sceneViewState":{"showFog":true,"showMaterialUpdate":false,"showSkybox":true,"showFlares":true,"showImageEffects":true,"showParticleSystems":true},"in2DMode":false,"pivot":{"x":1.793967604637146,"y":1.159999966621399,"z":-0.23686933517456056},"rotation":{"x":0.007799450308084488,"y":0.05396789312362671,"z":-0.00042134159593842924,"w":0.9985121488571167},"size":0.7918474078178406,"orthographic":false}