{"cameraMode":{"drawMode":0,"name":"Shaded","section":"Shading Mode"},"sceneLighting":false,"audioPlay":false,"sceneViewState":{"showFog":true,"showMaterialUpdate":false,"showSkybox":true,"showFlares":true,"showImageEffects":true,"showParticleSystems":true},"in2DMode":false,"pivot":{"x":0.9367343783378601,"y":-0.008725523948669434,"z":0.0},"rotation":{"x":-0.11421125382184982,"y":0.7624634504318237,"z":-0.1401720643043518,"w":-0.6212545037269592},"size":2.391554117202759,"orthographic":false}