{"cameraMode":{"drawMode":0,"name":"Shaded","section":"Shading Mode"},"sceneLighting":true,"audioPlay":false,"sceneViewState":{"showFog":true,"showMaterialUpdate":false,"showSkybox":true,"showFlares":true,"showImageEffects":true,"showParticleSystems":true},"in2DMode":false,"pivot":{"x":-1.069443941116333,"y":3.987508535385132,"z":-0.14616134762763978},"rotation":{"x":-0.22155515849590302,"y":0.49434030055999758,"z":-0.1319354921579361,"w":-0.830141007900238},"size":2.7724177837371828,"orthographic":false}