{"cameraMode":{"drawMode":0,"name":"Shaded","section":"Shading Mode"},"sceneLighting":true,"audioPlay":false,"sceneViewState":{"showFog":true,"showMaterialUpdate":true,"showSkybox":true,"showFlares":true,"showImageEffects":true,"showParticleSystems":true},"in2DMode":false,"pivot":{"x":-0.29225844144821169,"y":2.911343574523926,"z":-0.06389220058917999},"rotation":{"x":0.012537872418761254,"y":-0.8696125745773315,"z":0.4930799901485443,"w":0.022112322971224786},"size":6.933413982391357,"orthographic":false}