{"cameraMode":{"drawMode":0,"name":"Shaded","section":"Shading Mode"},"sceneLighting":true,"audioPlay":false,"sceneViewState":{"showFog":true,"showMaterialUpdate":false,"showSkybox":true,"showFlares":true,"showImageEffects":true,"showParticleSystems":true},"in2DMode":false,"pivot":{"x":3.3957996368408205,"y":-2.846404790878296,"z":28.13528060913086},"rotation":{"x":0.07812270522117615,"y":0.052310965955257419,"z":-0.004104102961719036,"w":0.9955620169639587},"size":34.68781661987305,"orthographic":false}