{"cameraMode":{"drawMode":0,"name":"Shaded","section":"Shading Mode"},"sceneLighting":true,"audioPlay":false,"sceneViewState":{"showFog":true,"showMaterialUpdate":false,"showSkybox":true,"showFlares":true,"showImageEffects":true,"showParticleSystems":true},"in2DMode":false,"pivot":{"x":0.666587769985199,"y":1.252244472503662,"z":-1.9892243146896363},"rotation":{"x":-0.046084046363830569,"y":-0.6110639572143555,"z":0.035671867430210116,"w":-0.7894330620765686},"size":3.9196527004241945,"orthographic":false}