{"cameraMode":{"drawMode":0,"name":"Shaded","section":"Shading Mode"},"sceneLighting":true,"audioPlay":false,"sceneViewState":{"showFog":true,"showMaterialUpdate":false,"showSkybox":true,"showFlares":true,"showImageEffects":true,"showParticleSystems":true},"in2DMode":false,"pivot":{"x":-1.0698599815368653,"y":0.8530186414718628,"z":-0.36868244409561159},"rotation":{"x":0.013500678353011608,"y":-0.9863831996917725,"z":0.12325306236743927,"w":0.10804923623800278},"size":2.7502076625823976,"orthographic":false}
