{"cameraMode":{"drawMode":0,"name":"Shaded","section":"Shading Mode"},"sceneLighting":true,"audioPlay":false,"sceneViewState":{"showFog":true,"showMaterialUpdate":false,"showSkybox":true,"showFlares":true,"showImageEffects":true,"showParticleSystems":true},"in2DMode":false,"pivot":{"x":-2.461048126220703,"y":1.5884920358657838,"z":4.041642665863037},"rotation":{"x":0.022066527977585794,"y":-0.14680427312850953,"z":0.003276068950071931,"w":0.9889140129089356},"size":5.054765701293945,"orthographic":false}