{"cameraMode":{"drawMode":0,"name":"Shaded","section":"Shading Mode"},"sceneLighting":true,"audioPlay":false,"sceneViewState":{"showFog":true,"showMaterialUpdate":false,"showSkybox":true,"showFlares":true,"showImageEffects":true,"showParticleSystems":true},"in2DMode":false,"pivot":{"x":-0.9340314865112305,"y":1.4661561250686646,"z":1.200727939605713},"rotation":{"x":0.0010839073220267892,"y":0.986672580242157,"z":-0.16258148849010468,"w":0.006581427995115519},"size":8.169589042663575,"orthographic":false}