{"cameraMode":{"drawMode":0,"name":"Shaded","section":"Shading Mode"},"sceneLighting":true,"audioPlay":false,"sceneViewState":{"showFog":true,"showMaterialUpdate":false,"showSkybox":true,"showFlares":true,"showImageEffects":true,"showParticleSystems":true},"in2DMode":false,"pivot":{"x":1.5328530073165894,"y":1.1422786712646485,"z":0.14487075805664063},"rotation":{"x":0.0012942306930199266,"y":-0.99546217918396,"z":0.09416157752275467,"w":0.013676565140485764},"size":3.113177537918091,"orthographic":false}