{"cameraMode":{"drawMode":0,"name":"Shaded","section":"Shading Mode"},"sceneLighting":false,"audioPlay":false,"sceneViewState":{"showFog":true,"showMaterialUpdate":false,"showSkybox":true,"showFlares":true,"showImageEffects":true,"showParticleSystems":true},"in2DMode":false,"pivot":{"x":-1.4328645467758179,"y":-0.43875792622566225,"z":-1.649564266204834},"rotation":{"x":0.005637943744659424,"y":0.9912034869194031,"z":-0.12435890734195709,"w":0.04493241757154465},"size":7.815123558044434,"orthographic":false}