{"cameraMode":{"drawMode":0,"name":"Shaded","section":"Shading Mode"},"sceneLighting":true,"audioPlay":false,"sceneViewState":{"showFog":true,"showMaterialUpdate":false,"showSkybox":true,"showFlares":true,"showImageEffects":true,"showParticleSystems":true},"in2DMode":false,"pivot":{"x":4.947172164916992,"y":3.765493869781494,"z":8.612415313720704},"rotation":{"x":0.014381015673279763,"y":0.9294887781143189,"z":0.03644494712352753,"w":-0.3667636513710022},"size":1.7198939323425294,"orthographic":false}