{"cameraMode":{"drawMode":0,"name":"Shaded","section":"Shading Mode"},"sceneLighting":true,"audioPlay":false,"sceneViewState":{"showFog":true,"showMaterialUpdate":false,"showSkybox":true,"showFlares":true,"showImageEffects":true,"showParticleSystems":true},"in2DMode":false,"pivot":{"x":0.15834371745586396,"y":1.2450408935546876,"z":-1.1885985136032105},"rotation":{"x":0.028747543692588807,"y":0.951122522354126,"z":-0.09332733601331711,"w":0.29296690225601199},"size":3.4908604621887209,"orthographic":false}