{"cameraMode":{"drawMode":0,"name":"Shaded","section":"Shading Mode"},"sceneLighting":true,"audioPlay":false,"sceneViewState":{"showFog":true,"showMaterialUpdate":false,"showSkybox":true,"showFlares":true,"showImageEffects":true,"showParticleSystems":true},"in2DMode":false,"pivot":{"x":1.891890525817871,"y":1.2161240577697755,"z":4.556926727294922},"rotation":{"x":0.021931281313300134,"y":0.18304277956485749,"z":-0.004084546118974686,"w":0.9828518629074097},"size":5.529550552368164,"orthographic":false}