{"cameraMode":{"drawMode":0,"name":"Shaded","section":"Shading Mode"},"sceneLighting":true,"audioPlay":false,"sceneViewState":{"showFog":true,"showMaterialUpdate":false,"showSkybox":true,"showFlares":true,"showImageEffects":true,"showParticleSystems":true},"in2DMode":false,"pivot":{"x":-2.4206833839416506,"y":-40.05707931518555,"z":63.44701385498047},"rotation":{"x":-0.3356594145298004,"y":0.004801386035978794,"z":-0.001710856449790299,"w":-0.941969633102417},"size":108.62760925292969,"orthographic":false}