{"cameraMode":{"drawMode":0,"name":"Shaded","section":"Shading Mode"},"sceneLighting":true,"audioPlay":false,"sceneViewState":{"showFog":true,"showMaterialUpdate":true,"showSkybox":true,"showFlares":true,"showImageEffects":true,"showParticleSystems":true},"in2DMode":false,"pivot":{"x":-0.8971388339996338,"y":1.5160613059997559,"z":3.136962413787842},"rotation":{"x":-0.08084209263324738,"y":0.09612821787595749,"z":-0.007833991199731827,"w":-0.9920497536659241},"size":11.025514602661133,"orthographic":false}