{"cameraMode":{"drawMode":0,"name":"Shaded","section":"Shading Mode"},"sceneLighting":true,"audioPlay":false,"sceneViewState":{"showFog":true,"showMaterialUpdate":true,"showSkybox":true,"showFlares":true,"showImageEffects":true,"showParticleSystems":true},"in2DMode":false,"pivot":{"x":-0.8971388339996338,"y":1.5160613059997559,"z":3.136962413787842},"rotation":{"x":-0.08084209263324738,"y":0.09612821787595749,"z":-0.007833991199731827,"w":-0.9920497536659241},"size":-0.8388063311576843,"orthographic":false}﻿{"cameraMode":{"drawMode":0,"name":"Shaded","section":"Shading Mode"},"sceneLighting":true,"audioPlay":false,"sceneViewState":{"showFog":true,"showMaterialUpdate":true,"showSkybox":true,"showFlares":true,"showImageEffects":true,"showParticleSystems":true},"in2DMode":false,"pivot":{"x":2.442257881164551,"y":-2.0257654190063478,"z":0.5143225193023682},"rotation":{"x":-0.3242792785167694,"y":-0.5156831741333008,"z":0.21943195164203645,"w":-0.7620783448219299},"size":12.199267387390137,"orthographic":false}