{"cameraMode":{"drawMode":0,"name":"Shaded","section":"Shading Mode"},"sceneLighting":true,"audioPlay":false,"sceneViewState":{"showFog":true,"showMaterialUpdate":true,"showSkybox":true,"showFlares":true,"showImageEffects":true,"showParticleSystems":true},"in2DMode":false,"pivot":{"x":2.442257881164551,"y":-2.0257654190063478,"z":0.5143225193023682},"rotation":{"x":-0.3242792785167694,"y":-0.5156831741333008,"z":0.21943195164203645,"w":-0.7620783448219299},"size":12.199267387390137,"orthographic":false}