{"cameraMode":{"drawMode":0,"name":"Shaded","section":"Shading Mode"},"sceneLighting":true,"audioPlay":false,"sceneViewState":{"showFog":true,"showMaterialUpdate":true,"showSkybox":true,"showFlares":true,"showImageEffects":true,"showParticleSystems":true},"in2DMode":false,"pivot":{"x":-3.055769681930542,"y":0.23395609855651856,"z":0.10091724991798401},"rotation":{"x":-0.11526519805192948,"y":0.745059072971344,"z":-0.1335098147392273,"w":-0.643254280090332},"size":2.3073229789733888,"orthographic":false}