{"cameraMode":{"drawMode":0,"name":"Shaded","section":"Shading Mode"},"sceneLighting":false,"audioPlay":false,"sceneViewState":{"showFog":true,"showMaterialUpdate":true,"showSkybox":true,"showFlares":true,"showImageEffects":true,"showParticleSystems":true},"in2DMode":false,"pivot":{"x":-0.0008424222469329834,"y":0.07228835672140122,"z":-0.025664344429969789},"rotation":{"x":-0.17057394981384278,"y":0.32622572779655459,"z":-0.05997367948293686,"w":-0.9278385639190674},"size":0.6416844725608826,"orthographic":false}