{"cameraMode":{"drawMode":0,"name":"Shaded","section":"Shading Mode"},"sceneLighting":true,"audioPlay":false,"sceneViewState":{"showFog":true,"showMaterialUpdate":false,"showSkybox":true,"showFlares":true,"showImageEffects":true,"showParticleSystems":true},"in2DMode":false,"pivot":{"x":-0.5836801528930664,"y":3.0728847980499269,"z":0.7673614025115967},"rotation":{"x":-0.13193482160568238,"y":0.4334559738636017,"z":-0.06431810557842255,"w":-0.8891413807868958},"size":7.059061527252197,"orthographic":false}